month,pos_ret_ratio,prob_pos_ratio,q_min,q_5,q_25,q_50,q_75,q_95,q_max,R_ls,R_lo,R_b
2005-02-01,0.8247422680412371,0.845360824742268,0.0256817148662376,0.09638282689073654,0.6769557318457097,0.964576823607996,0.9950297529761155,0.9984131043721758,0.9999984656042016,-1.5901443298969076,-1.4792896907216493,-1.368435051546392
2005-03-01,0.35051546391752575,0.32989690721649484,0.0014585005565969705,0.010165037297586077,0.016405928974166838,0.19762739944638752,0.6793871882728785,0.9759815875797577,0.9847905073623976,1.118663917525773,-1.392137113402062,-3.9029381443298967
2005-04-01,0.2268041237113402,0.1958762886597938,0.0008945987806144689,0.005000103729841996,0.012885724694482155,0.07582352124646488,0.40558719085952966,0.9685000974995359,0.9999998493504014,-1.1548845360824744,0.733842268041237,2.622569072164949
2005-05-01,0.5670103092783505,0.6494845360824743,0.0009709537510506778,0.013551160496231908,0.02520832506132261,0.6268467375146726,0.9758568888999452,0.9887377929295055,0.9999981022554237,0.14018453608247433,2.660984536082474,5.181784536082475
2005-06-01,0.8556701030927835,0.8865979381443299,0.02531049735692412,0.2866926382214834,0.8355883988035553,0.9912725475714688,0.9950312421881011,0.9987955474428738,0.999995122791053,2.385480412371134,2.892677319587629,3.3998742268041244
2005-07-01,0.5360824742268041,0.4845360824742268,0.0004063754620757336,0.0035009745073936115,0.027453488145558497,0.4719021714018969,0.8830497248977496,0.9978819534876139,1.0,-0.5018298969072166,-1.5280876288659795,-2.554345360824742
2005-08-01,0.29896907216494845,0.21649484536082475,8.053626003757081e-05,0.014649394183170756,0.02155710964786902,0.20222661395169067,0.4704290431186067,0.9733229960666916,0.9778643371572548,-1.6269237113402062,-0.1797835051546392,1.267356701030928
2005-09-01,0.4742268041237113,0.38144329896907214,5.988971873779694e-05,0.011860946623704,0.023697288205148652,0.374358158236635,0.7119064413928233,0.9863082493477255,0.9964700481384928,1.2721608247422678,-1.7408742268041237,-4.753909278350515
2005-10-01,0.18556701030927836,0.10309278350515463,4.013638808839019e-06,0.003544184957755266,0.00740909111800374,0.012456916035013105,0.3383437954227462,0.5590054555692588,0.9842449641177132,-6.378296907216495,0.3807103092783505,7.139717525773195
2005-11-01,0.7422680412371134,0.7628865979381443,7.983328006747791e-08,0.03323832015514733,0.5320212442654394,0.88473549241092,0.9869606889777182,0.9928704843060596,0.9998454042758452,2.703328865979382,4.055707216494846,5.408085567010309
2005-12-01,0.711340206185567,0.7346938775510204,0.0006406939188250467,0.031864349355885904,0.4671423468393606,0.8031905411416593,0.9845009540872162,0.9933585564971705,0.9998592658352697,-0.7186234693877551,-1.3528479591836735,-1.987072448979592
2006-01-01,0.3877551020408163,0.3877551020408163,0.0065543691885841795,0.01296639146802823,0.02082939312070509,0.32393918416071066,0.6575685074864444,0.9824417819992625,0.9904239802838364,1.4434275510204082,0.8618204081632653,0.2802132653061225
2006-02-01,0.42857142857142855,0.37373737373737376,0.00046387995732760195,0.006869518139636288,0.01885364313174949,0.2167882574135164,0.7346905217997023,0.999086123126931,0.9999870930245095,-0.6891434343434345,-0.8478080808080809,-1.0064727272727272
2006-03-01,0.3838383838383838,0.37373737373737376,6.300596387033696e-07,0.010896119909140859,0.02042712254157203,0.33582436084143324,0.6785992750778136,0.98874798981364,0.9999999527747825,-4.121159595959597,3.9330353535353533,11.987230303030302
2006-04-01,0.9292929292929293,0.9595959595959596,0.196839320164421,0.5927688456767856,0.9122919241313096,0.9817753172742194,0.9906492713908359,0.9975494010324799,0.9999808655884681,0.12741616161616137,0.514712121212121,0.9020080808080807
2006-05-01,0.37373737373737376,0.31313131313131315,4.161130133237724e-12,0.00045632756208873295,0.013399386189787418,0.156526713212613,0.5900355568684076,0.982909241028028,0.9925011138271386,1.1356898989898991,0.2712333333333333,-0.5932232323232326
2006-06-01,0.5050505050505051,0.47474747474747475,0.00047399729806300216,0.005254384315890646,0.09840216555949992,0.48863032726917366,0.880918189639445,0.9792455233261511,0.9914578565236917,-0.8036121212121211,-1.7631666666666663,-2.722721212121212
2006-07-01,0.25252525252525254,0.1919191919191919,2.012863598701021e-06,0.006482770344317147,0.0153308991881733,0.16578115175820654,0.4146015634399021,0.9706533383023099,0.9856135309539034,0.2661717171717172,0.37496060606060605,0.48374949494949515
2006-08-01,0.5151515151515151,0.5252525252525253,0.003344825090070414,0.008551924610329735,0.10121902606344783,0.5729769712237596,0.9723000976624896,0.9979452262295666,0.9993728008796604,-0.6721929292929294,2.3656757575757577,5.403544444444444
2006-09-01,0.7777777777777778,0.8383838383838383,0.01504525446977902,0.038306645811420986,0.6631459843750867,0.9862622604755779,0.9945793073867417,0.9995088170094444,0.9999978900554928,2.915062626262626,3.3762121212121214,3.837361616161617
2006-10-01,0.6666666666666666,0.66,0.015326957710990347,0.04238045298447412,0.42229733386956975,0.7394417349601636,0.985677424061842,0.9940584410547413,0.9998436020275919,3.108883,5.669414999999999,8.229947000000001
2006-11-01,0.87,0.9,0.11267693742068113,0.29297822167215193,0.7988468738851716,0.9883231003272801,0.9945996370723589,0.9979576549463243,0.9999928222701779,7.027894,7.123192,7.21849
2006-12-01,0.84,0.9,0.015296594947958778,0.03442103812868644,0.8408116297604988,0.976941571107153,0.9903786278144943,0.9985843806632143,0.9998692904841493,-1.800954,-2.1184,-2.4358459999999997
2007-01-01,0.36,0.37,4.2488676777053084e-08,0.003976406102393685,0.025877038657209948,0.20757538980455603,0.7151289030185721,0.9739978547226343,0.9974867067153221,-0.804628,1.195052,3.194732
2007-02-01,0.67,0.8,0.028124422823105094,0.035527796930295515,0.6040469120167872,0.9201970116556504,0.9916726083984322,0.9964254540104706,0.9996174963485926,0.20481699999999992,0.9484840000000001,1.692151
2007-03-01,0.43,0.49,2.8100915757614344e-06,0.004164435944921885,0.0261433752552128,0.47867519034206074,0.9208894634946011,0.996517853593383,0.9999473335312642,-0.1537479999999999,0.18361,0.520968
2007-04-01,0.47,0.48,0.0044787659650845245,0.015089656433746525,0.04734970586596005,0.4265801066702755,0.9790159756527783,0.9932469733568572,0.9995234589397409,0.008319000000000094,1.588092,3.167865
2007-05-01,0.53,0.53,0.015417955364678219,0.019275358263599548,0.20050231869803614,0.5134587380211417,0.7829576133525925,0.9886336613393768,0.9944207856634917,1.536842,5.594428999999999,9.652016
2007-06-01,0.94,0.98,0.023798299775760288,0.6482592617485565,0.9949015480808039,0.9965084368185878,0.9983135589183955,0.9995454570457135,0.9998533197268175,12.173752,12.220629,12.267506000000001
2007-07-01,0.8,0.85,0.005447170901102328,0.07887355271701052,0.6054707217569361,0.9551577657040216,0.9871679200401308,0.9943621703527618,0.9986931473761705,-1.715026,-3.3186170000000006,-4.922208000000001
2007-08-01,0.27,0.23,0.0006924413503720512,0.0011772252367640435,0.006435380710378283,0.023646118267872808,0.4284418854431221,0.9738831518627536,0.9942156612685182,-3.336019,1.5491219999999999,6.4342630000000005
2007-09-01,0.74,0.86,0.029240742813393818,0.036580064229415565,0.6434447625173874,0.940148926512952,0.9909756671810344,0.9949350237886936,0.9999458386073616,-0.2750869999999999,0.29243600000000014,0.8599589999999998
2007-10-01,0.49,0.53,0.00349233787118498,0.007597165715370523,0.04263519759980609,0.5321855927711382,0.9268481006883107,0.9969979518997433,0.9999951653447379,-1.639043,-6.480752,-11.322460999999997
2007-11-01,0.07,0.07920792079207921,0.00036757934891111244,0.0007304818395576702,0.0019916650205432534,0.0030335878170389347,0.004464022610637645,0.870672186936787,0.9571730996798036,1.308891089108911,-0.13045643564356435,-1.5698039603960394
2007-12-01,0.38613861386138615,0.3564356435643564,0.00046358763321293717,0.008519932032563562,0.050588333213026394,0.3428998555945676,0.6963513879307961,0.9842700211983462,0.9999818373156667,2.3887089108910886,-2.241187128712871,-6.871083168316831
2008-01-01,0.32673267326732675,0.27722772277227725,9.96135150109382e-06,0.0014534531737737406,0.010681685816173923,0.1974376996158046,0.552755433132625,0.9694445743607256,0.9922722733942685,-7.675739603960396,3.361763366336633,14.399266336633664
2008-02-01,0.9405940594059405,0.9607843137254902,0.04204138762235642,0.5692666118637212,0.9943813497690138,0.9960449484019746,0.996961110294553,0.998270078030699,0.9995751775578059,3.2606235294117645,3.4434686274509803,3.626313725490196
2008-03-01,0.7450980392156863,0.6893203883495146,3.163788635733802e-05,0.02134878822292873,0.37698410277737815,0.8764891995129964,0.987518440673254,0.994317276581231,0.9981991864579396,-0.7069203883495147,1.4623737864077668,3.631667961165049
2008-04-01,0.5922330097087378,0.6310679611650486,0.01299061933200165,0.018446108784396422,0.13503775524197048,0.6828687070748438,0.9620693223233538,0.9872547199134929,0.9991824007695964,-2.1354504854368934,-2.898567961165048,-3.6616854368932037
2008-05-01,0.2912621359223301,0.23300970873786409,0.002881074473475134,0.013690797186381746,0.017852532639675837,0.0784182611611151,0.48911072950587364,0.9836276961983736,0.989479279099522,7.712182524271844,-3.4782300970873785,-14.668642718446602
2008-06-01,0.04854368932038835,0.04854368932038835,0.0010244642752253407,0.0028700179151538515,0.0038932653143541746,0.004908070704899634,0.013495529675267431,0.35962358811496586,0.9998048053994674,3.6413058252427186,0.04700388349514563,-3.547298058252428
2008-07-01,0.33980582524271846,0.36893203883495146,0.000551067382501619,0.01174730824741215,0.016228496106752466,0.32406606867764476,0.6204962877203544,0.978099439167619,0.9846034645539691,-1.1561572815533983,-0.5650087378640776,0.02613980582524285
2008-08-01,0.5339805825242718,0.44660194174757284,0.007636684647474425,0.009651246674831174,0.05447999830089055,0.4515336994822757,0.9465893257040108,0.979075797133655,0.9999776530196773,3.258838834951457,-9.613464077669903,-22.485766990291264
2008-10-01,0.13592233009708737,0.1262135922330097,0.0012264299826893455,0.003349837805184698,0.0065551354678073555,0.01324069109674573,0.20057201391965396,0.8318137824468509,0.9997825260340194,0.6387330097087381,-0.6385233009708737,-1.9157796116504857
2008-11-01,0.3786407766990291,0.27184466019417475,7.111488619583784e-06,0.004007712169475856,0.04124487347200631,0.23414804411488147,0.5228103257114085,0.9767216995316941,0.9923582110576095,-0.9783242718446603,1.1302485436893204,3.2388213592233006
2008-12-01,0.6116504854368932,0.5904761904761905,0.006780248698433314,0.012791483484237276,0.2744705431527825,0.5929333261337415,0.9772423232776348,0.9877982358823274,0.9943602890204604,-1.0466704761904766,-3.8290657142857145,-6.611460952380952
2009-01-01,0.20952380952380953,0.11320754716981132,0.0008585315914956042,0.004702212688619277,0.008908350899426872,0.03139776891944128,0.3958076676311256,0.9439167221373226,0.9715157211596449,-5.09633679245283,0.4046679245283018,5.905672641509434
2009-02-01,0.6792452830188679,0.6792452830188679,0.02085961420118642,0.029891810481886064,0.36995671269203445,0.731090723214836,0.986123196036226,0.9938581565592028,0.9997638831615121,8.10241603773585,13.221343396226416,18.340270754716983
2009-03-01,0.9622641509433962,0.9716981132075472,0.0049778977786278595,0.5381573830724626,0.9943682547898662,0.9988761987393517,0.9993158225858096,0.9997818346034996,0.9999760452449715,13.555982075471695,13.972904716981132,14.389827358490566
2009-04-01,0.9339622641509434,0.9811320754716981,0.04502923477125339,0.8193249566371454,0.9955553353853028,0.9987138460209222,0.9995063155953237,0.9999525878596645,0.9999998981775647,17.89404716981132,17.891304716981132,17.88856226415094
2009-05-01,0.8301886792452831,0.8962264150943396,0.03538401077258545,0.26013857167947063,0.767579347741592,0.9880402658021821,0.9939858832511446,0.9965815626733026,0.9999536429449153,-4.583093396226415,-4.967162264150943,-5.351231132075472
2009-06-01,0.25471698113207547,0.2358490566037736,0.0001865137651153305,0.0031645545718874085,0.009388017628329321,0.039741657184207316,0.48403934931813963,0.9694422396608466,0.9864289501592672,-7.112485849056605,3.0723339622641515,13.257153773584905
2009-07-01,0.9150943396226415,0.9622641509433962,0.11575567122144345,0.6896498533368538,0.9611586427087225,0.9964880309290867,0.9982715684841439,0.9995563634338551,0.9999998289665489,-3.710993396226415,-4.017447169811321,-4.323900943396227
2009-08-01,0.3113207547169811,0.36792452830188677,0.002120307072723651,0.004875877267202016,0.031183565025272794,0.23840269259248525,0.689356407398696,0.9810217197634334,0.9996873753425992,-3.8923886792452826,3.485766037735849,10.863920754716982
2009-09-01,0.8679245283018868,0.8773584905660378,0.012256279879896219,0.2888892143871464,0.7532958530590781,0.9842427187652627,0.9926776330185871,0.9953285324904595,0.9997597432530585,-1.087329245283019,-1.3477009433962264,-1.6080726415094344
2009-10-01,0.37735849056603776,0.39622641509433965,0.0003249544487352336,0.012618774519712129,0.019756495348815472,0.3996242768520706,0.7147281013702333,0.9749015188936975,0.986366425186206,0.647104716981132,2.750155660377358,4.853206603773584
2009-11-01,0.7075471698113207,0.6981132075471698,0.003423204978058371,0.012114359241028461,0.3972622184808976,0.9637058384983972,0.9861011261172363,0.9961501910197884,0.9985972288214714,4.537275471698114,6.7174066037735845,8.897537735849056
2009-12-01,0.9245283018867925,0.9245283018867925,0.024960292250648584,0.3945751617285218,0.9922951285187396,0.9956343582485757,0.9966173541658504,0.9987739415206087,0.9999885134511713,-6.416713207547171,-7.009873584905661,-7.603033962264151
2010-01-01,0.12264150943396226,0.05660377358490566,7.266248010476848e-09,0.0016018703024646978,0.00803885829241931,0.013864765678735092,0.1379407598852852,0.4908198531190236,0.9922701016167057,2.7552235849056603,-0.15537075471698114,-3.065965094339623
2010-02-01,0.24528301886792453,0.25471698113207547,4.008515867031918e-05,0.001205449299540918,0.01653013534959672,0.06810273512540124,0.520248361802429,0.9441473939741886,0.9783168156044922,-5.061119811320755,2.1396066037735846,9.340333018867923
2010-03-01,0.9150943396226415,0.9150943396226415,0.013020398808782738,0.3061288963465895,0.9891115147500451,0.9963373092878128,0.999554743741147,0.9999973360811178,0.9999999766669155,0.7814056603773586,1.154888679245283,1.5283716981132074
2010-04-01,0.46226415094339623,0.4528301886792453,0.001953626564473243,0.010256091047025271,0.15461461548575545,0.44363898459857737,0.7156606646857355,0.9821519459069049,0.996104138916392,1.2506452830188677,-2.9778632075471694,-7.206371698113206
2010-05-01,0.16037735849056603,0.14018691588785046,3.562925169622615e-05,0.0022201499752290336,0.009097981025431245,0.018724573151182308,0.2319322029441454,0.9746611760270687,0.9945750671360669,-1.0080093457943922,-0.142492523364486,0.7230242990654204
2010-06-01,0.5420560747663551,0.6915887850467289,1.8589187516152726e-05,0.022050660238395817,0.4221949782404464,0.7272495568926817,0.8944023483616028,0.9914506884593831,0.9999999996010851,2.994558878504673,6.347068224299066,9.699577570093457
2010-07-01,0.9813084112149533,0.9813084112149533,0.10670590337964007,0.9898330102615446,0.9984523935810397,0.9990428137753676,0.9994549445308581,0.9997149856068946,0.9999926289897502,-0.04942710280373837,-0.12209532710280381,-0.19476355140186924
2010-08-01,0.4392523364485981,0.37383177570093457,0.0016693754175215194,0.00985187001566243,0.16698732870220978,0.37404602730137276,0.6815921821526263,0.9725347551864513,0.9906681936789313,-0.11085607476635496,4.028636448598131,8.168128971962618
2010-09-01,0.9158878504672897,0.9252336448598131,2.722510564277296e-15,0.1693310126873202,0.944431801370456,0.9891419829078398,0.9963560423091433,0.9989117323851977,0.9999999053809762,0.5590626168224299,0.5285252336448598,0.4979878504672897
2010-10-01,0.4392523364485981,0.32710280373831774,0.003034554559165351,0.012545435136570773,0.17597335221116284,0.40013718747460775,0.5310464086243785,0.9811214659975177,0.9956956517157469,0.23319626168224303,0.3523794392523364,0.4715626168224298
2010-11-01,0.514018691588785,0.514018691588785,0.002100372544592182,0.009728481314948233,0.094428393154253,0.51560618603082,0.8713297488690743,0.995665181313287,0.9999999977102405,-1.73322523364486,2.355093457943925,6.44341214953271
2010-12-01,0.822429906542056,0.8037383177570093,0.016983850237274,0.04258365056260466,0.6565545247921611,0.9712649347065897,0.9948281220270716,0.99919715612342,0.9999102948075805,0.5008785046728972,0.36203271028037376,0.22318691588785047
2011-01-01,0.48598130841121495,0.514018691588785,0.002568205958777341,0.010774620604012398,0.02244867847848276,0.5054307811417008,0.8845018933859854,0.9776935299983361,0.9942525312340359,-0.719677570093458,-2.9973504672897198,-5.27502336448598
2011-02-01,0.17757009345794392,0.11214953271028037,1.7951363986108032e-06,0.001819094999163984,0.010514290725800148,0.016919342022436213,0.25967546582140455,0.8781496531713324,0.9888549840354578,0.00870280373831791,0.23131028037383175,0.4539177570093457
2011-03-01,0.4672897196261682,0.35514018691588783,4.0723420075248264e-05,0.0006130219932704725,0.008352278673449752,0.1011518499121007,0.8175468583376461,0.9930547388201109,0.9981085299959014,0.2674598130841122,1.7532728971962614,3.239085981308411
2011-04-01,0.6728971962616822,0.7850467289719626,0.015648278764098564,0.05008772910798048,0.5498332241349151,0.8028119068765323,0.9903836905617691,0.9967641423366906,0.9999997180350113,1.209644859813084,0.8836317757009345,0.5576186915887849
2011-05-01,0.4766355140186916,0.411214953271028,0.0073215873341330425,0.018395894465361256,0.16084002382308005,0.4016588210623606,0.9277382276148953,0.9871332856177986,0.9993891866759294,0.7075626168224303,-0.9262467289719625,-2.5600560747663543
2011-06-01,0.3364485981308411,0.2523364485981308,1.678914747202153e-07,0.009342462959655717,0.020676333002706437,0.2627015942614476,0.4942161474169361,0.9842265161813719,0.9887058596342427,1.5444635514018694,2.0648383177570095,2.5852130841121506
2011-07-01,0.5794392523364486,0.6355140186915887,0.002862945087857635,0.014670268579713337,0.3840936234998009,0.6219886116551013,0.9859263335409868,0.993415183803188,0.9991412381594077,-1.8161495327102803,-5.300510280373832,-8.784871028037383
2011-08-01,0.12149532710280374,0.16822429906542055,1.5308205756278734e-05,0.004570154062771577,0.007581436730673758,0.011515093403141862,0.17635131415877364,0.8293788644975539,0.9991231529384762,4.315104672897196,-1.6354635514018694,-7.586031775700934
2011-09-01,0.11214953271028037,0.09345794392523364,8.649666673851792e-05,0.0009144827916165364,0.002220317964922585,0.0028521399482429838,0.009996601868344644,0.8094103322844062,0.9996757021172338,-3.111847663551401,0.4748504672897196,4.061548598130841
2011-10-01,0.7570093457943925,0.7757009345794392,0.0004743483301646549,0.18047579729517688,0.5402455634804022,0.7769521534381988,0.9804226703464128,0.9862963153834227,0.9939281421806536,-4.186764485981308,-6.75556168224299,-9.324358878504674
2011-11-01,0.1308411214953271,0.09345794392523364,2.8647107194963777e-20,3.771217673986832e-05,0.0006230972415899097,0.0017011821794155413,0.010203559714184114,0.8554827264377113,0.9998155120816156,-2.074777570093458,-0.061630841121495326,1.9515158878504675
2011-12-01,0.6448598130841121,0.5963302752293578,0.008204147872456784,0.020786784077479345,0.3406138312847572,0.60952148354537,0.9783678532022551,0.9874255572708572,0.999925379407885,0.7419192660550458,4.047511009174311,7.353102752293578
2012-01-01,0.8807339449541285,0.8990825688073395,0.02183297407882544,0.1533740513582251,0.9836233265247435,0.9929834052431294,0.9953401738900308,0.9990203535534116,0.9998207143405786,8.794033027522936,9.795009174311929,10.79598532110092
2012-02-01,0.9724770642201835,0.944954128440367,0.001246814351788809,0.4568960182240646,0.9851828077298196,0.9991995566698397,0.9995491370032626,0.9997931594308271,0.9999823843811532,-3.181905504587156,-3.3972220183486237,-3.612538532110092
2012-03-01,0.23853211009174313,0.23636363636363636,0.00022311426254322848,0.007471317037139897,0.01377844399116171,0.11558811745520053,0.4647096740516621,0.9724805847679848,0.9998494780626354,2.607619090909091,-0.8828272727272728,-4.373273636363636
2012-04-01,0.24545454545454545,0.21818181818181817,7.912256453802281e-05,0.0013879732613154762,0.011365608596584476,0.09856842460339839,0.3721059605456842,0.958032178333728,0.9999859259291544,0.6355299999999998,-0.2279690909090909,-1.091468181818182
2012-05-01,0.38181818181818183,0.2818181818181818,0.00021164499268577723,0.011574129463590524,0.062156091602702586,0.3495206953577855,0.551405851086736,0.9863194889805649,0.9997962858384692,-0.5534981818181818,0.05968454545454551,0.6728672727272729
2012-06-01,0.5454545454545454,0.5818181818181818,0.008212894952052912,0.01977639497405178,0.27624067534851676,0.5907913703398608,0.7952992417400737,0.9853358144143229,0.9905230420945629,-0.17510909090909096,0.9391227272727273,2.0533545454545457
2012-07-01,0.6363636363636364,0.6272727272727273,0.005157657275845489,0.04489027288804787,0.26820763801321,0.7109608473477063,0.9856450734984168,0.9952705895449089,0.9999164025060809,0.545398181818182,1.746295454545455,2.9471927272727267
2012-08-01,0.6727272727272727,0.7,0.009412304321448397,0.018024639056285298,0.43477496584618064,0.775590019284518,0.9788954280586304,0.9879225470044656,0.9950486971584606,2.3689381818181827,3.69882,5.028701818181818
2012-09-01,0.7727272727272727,0.8363636363636363,0.0002483593459370436,0.12605662421298305,0.5995184707394079,0.9790515569844762,0.9894683850942221,0.9989161774799922,0.999994071835843,-5.790772727272726,-6.924891818181817,-8.059010909090908
2012-10-01,0.11818181818181818,0.09090909090909091,0.00047965636284697834,0.0029799806770643253,0.006600889358678892,0.012937039997062597,0.0788040751354096,0.742307829651314,0.9867291418094748,-3.9133881818181826,0.95621,5.825808181818182
2012-11-01,0.8545454545454545,0.8090909090909091,0.0025657835453426,0.2259641767389039,0.5948761988479121,0.9774645246547298,0.9890586713903509,0.9964187126791636,0.9999747967974177,2.4515381818181816,2.888593636363636,3.3256490909090908
2012-12-01,0.7363636363636363,0.7589285714285714,0.007477455897937718,0.020242183590248895,0.5908876648046464,0.8667568581678345,0.9851090396661228,0.993276442627552,0.9988071891047429,-0.07093392857142877,1.2531401785714287,2.577214285714286
2013-01-01,0.6071428571428571,0.6785714285714286,0.0018641863197981718,0.018978243789669395,0.3043400247564961,0.7024781690245288,0.9520031872671801,0.9892403831284884,0.9932067100799917,0.5084473214285714,0.8326919642857143,1.156936607142857
2013-02-01,0.5357142857142857,0.6160714285714286,6.258805791697427e-05,0.007476068553082783,0.3440545957749339,0.6326124133968594,0.8766445481173549,0.988975061989329,0.999955568054372,0.6192455357142855,0.8573660714285715,1.0954866071428573
2013-03-01,0.5892857142857143,0.6607142857142857,0.011333390964499089,0.014568550363356724,0.36802026474732835,0.711478789174031,0.9792456486895676,0.988169154691352,0.9946268820963112,0.2929410714285717,0.25375625,0.21457142857142847
2013-04-01,0.4375,0.44642857142857145,0.000970321486030094,0.014007653499182881,0.12884991046128816,0.3936400115243529,0.7873145774924282,0.9873612956395533,0.9999961543243676,0.7180437499999999,2.5059785714285714,4.293913392857143
2013-05-01,0.75,0.7876106194690266,6.05185011059596e-05,0.030785096490556663,0.5883170319375649,0.8866433580374893,0.9892944479436853,0.9985978832632079,0.999999259231097,-2.67351592920354,-2.997432743362832,-3.3213495575221232
2013-06-01,0.21238938053097345,0.07079646017699115,4.363378458862352e-05,0.006575986708516812,0.009491219648089966,0.1510779123070332,0.31525277722519696,0.7833966538402078,0.9728207793855981,-3.252589380530974,0.35071946902654866,3.954028318584071
2013-07-01,0.7256637168141593,0.7610619469026548,0.002463393765024156,0.009687987348003826,0.5031889369553353,0.9696168288822272,0.9900559927142302,0.9920412318174844,0.9964622540484512,-0.3439805309734514,0.22335309734513276,0.7906867256637168
2013-08-01,0.4336283185840708,0.36283185840707965,0.0014421428067826255,0.00952293128974248,0.024002107575165535,0.3407306104198522,0.7456011634413656,0.9852684718896494,0.9961865343247454,-0.14445752212389382,1.3323893805309734,2.8092362831858404
2013-09-01,0.7256637168141593,0.7894736842105263,0.0010357229534397627,0.04086436017568171,0.5622172691761226,0.9181720744086836,0.9925727395163766,0.9976606009412052,0.9999835646600901,1.6360745614035086,1.8454359649122811,2.0547973684210525
2013-10-01,0.6578947368421053,0.7304347826086957,0.009860428223333757,0.020639657698411504,0.49692692909648106,0.7465005109799331,0.9800183635762014,0.9880389116066493,0.9951937105136428,-1.1366408695652175,-0.555435652173913,0.025769565217391318
2013-11-01,0.391304347826087,0.31896551724137934,6.896478370176613e-06,0.004186161147709969,0.024018502575964818,0.3011292231036476,0.5934867140849284,0.9914548403297991,0.9999999972637255,-0.9891405172413793,1.1050844827586206,3.199309482758621
2013-12-01,0.7155172413793104,0.8050847457627118,0.011456095549955553,0.020003057961637705,0.5559075060093213,0.8962993624292896,0.9816647007172714,0.991759855040358,0.9999955281241928,-0.9570059322033898,-1.3668279661016953,-1.7766500000000003
2014-01-01,0.2457627118644068,0.211864406779661,0.00027568123875255696,0.003728749299440284,0.012001964927032484,0.04804057547196555,0.416746979393116,0.8932361133652307,0.9813679252332973,-0.49487966101694925,1.3322169491525422,3.1593135593220336
2014-02-01,0.6271186440677966,0.6610169491525424,0.013965568571194884,0.02277372369763934,0.4402925863131054,0.6957565116075772,0.9872505455179325,0.9951194685133173,0.999459120728814,0.33399406779661,0.7204042372881359,1.1068144067796615
2014-03-01,0.4322033898305085,0.4067796610169492,0.005217060379341084,0.008305063894383994,0.012737401435430158,0.32610432896095765,0.782880561032164,0.9861730736284868,0.9999984271981283,1.513023728813559,-0.4693661016949152,-2.4517559322033895
2014-04-01,0.3728813559322034,0.3644067796610169,1.2877070968862693e-16,0.013956767565485577,0.024306314253568446,0.1863555331697251,0.7312610874338789,0.9968740523570029,0.9998678276197132,-0.3366135593220338,1.0071983050847457,2.3510101694915253
2014-05-01,0.711864406779661,0.7288135593220338,6.331996395307449e-05,0.012036195979336669,0.4738348332838734,0.8529765332311662,0.9732745023115851,0.9906205553106687,0.9999449909204887,1.6096050847457628,2.160076271186441,2.710547457627119
2014-06-01,0.6949152542372882,0.7288135593220338,7.967964670900358e-05,0.03334969095342526,0.4591134997173523,0.7822763159738164,0.9862361995335549,0.9967700135906201,0.9999999991373385,1.0652466101694917,1.7832033898305082,2.5011601694915258
2014-07-01,0.6694915254237288,0.711864406779661,2.2589933253179966e-05,0.02102766854397842,0.4194176295266577,0.7679604285687238,0.987919730206829,0.9939731989347421,0.9969303109327371,-0.1244686440677966,0.15019067796610178,0.42485000000000006
2014-08-01,0.5423728813559322,0.5932203389830508,0.005679633677791703,0.014079897490966917,0.09792070985341753,0.6010083934659693,0.9323550162534232,0.9968004938449929,0.9999999999977804,-1.7297940677966106,-3.0094999999999996,-4.28920593220339
2014-09-01,0.15254237288135594,0.11016949152542373,8.5177140638426e-08,0.002389993399017216,0.008287684610657825,0.029366112526323398,0.2306574365856327,0.7516484721163214,0.9960305489921222,2.2047372881355933,0.010500847457627097,-2.1837355932203386
2014-10-01,0.3644067796610169,0.3135593220338983,0.005857032680842915,0.01276756883320029,0.01617964657651206,0.18215810849311606,0.8502095823771014,0.9899321743426814,0.9971598139609497,-0.42561694915254233,0.2849508474576272,0.9955186440677967
2014-11-01,0.4830508474576271,0.4576271186440678,0.015085442398026514,0.018039165243951022,0.313916625278529,0.4515099988940947,0.7683299133928254,0.98835273603662,0.9999998042751462,-1.43125593220339,1.4546881355932206,4.340632203389831
2014-12-01,0.7542372881355932,0.7796610169491526,0.002094819099568763,0.0401951413090976,0.5556740607968449,0.9746060489160255,0.986107188672949,0.9898174896582413,0.9995199859464337,0.9723440677966101,0.7167220338983051,0.4610999999999999
2015-01-01,0.3983050847457627,0.4830508474576271,7.096734947180655e-30,0.015079553196436606,0.05044326051563069,0.43964075487818427,0.8140359237215512,0.9908208164947362,0.9999995262478003,-0.18983305084745758,0.22612288135593217,0.642078813559322
2015-02-01,0.5508474576271186,0.5508474576271186,0.01245158007450975,0.019112992898517384,0.2777681164404527,0.5555624560224879,0.846618367857547,0.9882660979897729,0.9999815371717459,1.3440008474576273,0.7293754237288135,0.11475000000000003
2015-03-01,0.4661016949152542,0.3728813559322034,0.0013349070461486064,0.009783210907580378,0.2560838849827614,0.3917331945936024,0.6307054838697485,0.9888317475886055,0.9955247993070941,0.8385033898305084,2.201735593220339,3.5649677966101696
2015-04-01,0.635593220338983,0.652542372881356,0.003504467639104927,0.015369609828508816,0.32087952859877983,0.7058172876635822,0.9774311331755088,0.9877812019475215,0.9999999723581005,-0.7156161016949152,-1.6662186440677964,-2.6168211864406783
2015-05-01,0.288135593220339,0.2033898305084746,0.005756480076389211,0.01032508959232472,0.012143312491444222,0.1767140686166253,0.4097195675142551,0.972598478618172,0.9896066716372866,3.7713525423728815,-0.4558169491525424,-4.682986440677967
2015-06-01,0.211864406779661,0.15254237288135594,4.880379004508607e-05,0.0006428556547927486,0.007178752742907506,0.021394675940380373,0.3686476721133356,0.8803633998085008,0.9965471036257739,4.1646483050847465,-0.6927220338983051,-5.550092372881355
2015-07-01,0.211864406779661,0.1440677966101695,5.1288239972567435e-21,0.0010353526560601823,0.008476085910565576,0.03201165124234325,0.34759520915496567,0.9772500866717208,0.9945498415368716,3.105363559322034,-1.2422423728813559,-5.589848305084747
2015-08-01,0.23728813559322035,0.19491525423728814,0.005702535649488316,0.009278532413483606,0.014437980495666268,0.08279262343316818,0.3775442749584327,0.9820380627238195,0.9971406867306466,-1.8320822033898303,0.14945762711864405,2.1309974576271182
2015-09-01,0.5932203389830508,0.4830508474576271,0.0006762202076680027,0.004686476952578964,0.10218732370676464,0.4729843576108018,0.95647338918272,0.9827717928220693,0.9913629864923676,1.1951525423728815,3.225153389830508,5.255154237288138
2015-10-01,0.8050847457627118,0.9152542372881356,0.021975181752216518,0.31966567568616533,0.6767689185691247,0.9064776545493596,0.9905283714163624,0.9925682096163397,0.9999182943219121,-2.88914406779661,-3.5126432203389824,-4.1361423728813556
2015-11-01,0.211864406779661,0.15254237288135594,0.0062023119389516875,0.00728079737876868,0.00867610420951221,0.059151449108492106,0.31329289207585886,0.9719203540138921,0.9999901812729134,-1.5522838983050848,-0.28880254237288133,0.9746788135593221
2015-12-01,0.4830508474576271,0.4576271186440678,0.0072494009004919,0.018159570982062945,0.1489931454778046,0.44211098885139904,0.7747972052590426,0.9844296912905353,0.999999861391195,1.257084745762712,-0.6724025423728814,-2.601889830508474
2016-01-01,0.2796610169491525,0.211864406779661,6.0153593211562574e-06,0.005371597902482094,0.012267585482439416,0.13088412159913781,0.4529840407221752,0.9795670107909641,0.9847352569899818,-2.1597542372881358,0.5338491525423729,3.2274525423728813
2016-02-01,0.7288135593220338,0.8559322033898306,0.0007359379045303157,0.13573151207696632,0.8245578066256181,0.9812176179865701,0.9976123073495634,0.9993777814200525,0.9999980703307653,2.3996177966101695,2.6027186440677967,2.805819491525423
2016-03-01,0.7033898305084746,0.7542372881355932,0.02219838185806524,0.031798016136067093,0.5443972530917752,0.8683875213028811,0.9900313760131272,0.9975294868218874,0.9999998854162289,-1.9692567796610172,-2.2969694915254233,-2.6246822033898303
2016-04-01,0.2796610169491525,0.1864406779661017,5.840182456276628e-13,0.004476233474718343,0.013921277128194118,0.2687595762150219,0.3907618984687502,0.7391033343698202,0.9946599176354146,-0.10101186440677967,0.24843389830508486,0.5978796610169493
2016-05-01,0.5254237288135594,0.6016949152542372,0.007054798331934896,0.011557883867245228,0.1872040038935165,0.6104487865846752,0.8330450679551231,0.9827096054456563,0.9999999998634577,0.9902542372881354,1.561409322033898,2.132564406779661
2016-06-01,0.576271186440678,0.6186440677966102,0.010793714484375685,0.01802765235692496,0.34669498114371755,0.5698338297176406,0.9604770612334393,0.9899949577204975,0.9999135601504605,1.3342661016949156,3.1764186440677964,5.018571186440679
2016-07-01,0.8559322033898306,0.9067796610169492,0.016577122304974403,0.31377667292834516,0.7741520528515675,0.9905925389365322,0.9932422543016878,0.9977041585086234,0.9999999994172708,1.9135347457627114,1.7334338983050843,1.553333050847457
2016-08-01,0.559322033898305,0.5508474576271186,0.0028706131782800463,0.01727505778462313,0.1932852485523689,0.6223667475853025,0.8865450883786097,0.9911262585918762,0.9996218318449035,0.05542796610169473,0.23778983050847471,0.42015169491525434
2016-09-01,0.4661016949152542,0.4915254237288136,0.002915595457506303,0.010832401258207754,0.12625582624748793,0.4935529651706458,0.7142258700571862,0.9839239159635847,0.998938452898429,1.050172881355932,0.6192813559322032,0.1883898305084746
2016-10-01,0.5,0.4576271186440678,0.0017243551887245376,0.01381876433188498,0.2083220828484757,0.47669072059913165,0.740201049713263,0.9903795536471984,0.9940407911154958,-0.6543745762711863,0.01760508474576274,0.6895847457627119
2016-11-01,0.5169491525423728,0.4830508474576271,0.00011991262014147524,0.009298262611315465,0.03422940443447471,0.46965266249430887,0.7828525659263483,0.9837312689617768,0.9967924773521071,0.38149661016949143,0.19961694915254224,0.01773728813559325
2016-12-01,0.5254237288135594,0.5508474576271186,0.003064470242746433,0.01336445888680463,0.2013242574892666,0.5521050540041903,0.8258638958212929,0.9820648016448962,0.9914655490818267,-0.6648533898305086,1.243591525423729,3.152036440677967
2017-01-01,0.6610169491525424,0.7033898305084746,0.013233897019838903,0.019959250653262345,0.4491805262012204,0.8006630899052638,0.9859190450454629,0.9932736694520166,0.9999999934366299,1.4561949152542375,2.828950847457627,4.201706779661017
2017-02-01,0.8135593220338984,0.8050847457627118,0.0022525600680450373,0.08706318475898037,0.6685506840806063,0.9193196452040593,0.9895243501477391,0.9950896199800542,0.9983150824320607,-0.39820084745762707,-0.6092313559322035,-0.8202618644067796
2017-03-01,0.4406779661016949,0.4067796610169492,0.007461018564823285,0.012324440239803044,0.043826621186055466,0.38709531854499796,0.7434097589813238,0.9836958720716814,0.9998684781009656,0.9278652542372882,-0.2054135593220339,-1.338692372881356
2017-04-01,0.3135593220338983,0.211864406779661,0.0031454867887594157,0.007040662105837153,0.013578556647930113,0.20641515213057093,0.4320494938868573,0.9740038880806975,0.9999481737170649,-0.7666186440677966,0.35941016949152543,1.485438983050847
2017-05-01,0.5,0.5084745762711864,3.7562129630106784e-08,0.010002194120346624,0.17212353675285064,0.5073902450755359,0.7486608331357998,0.9879224072467733,0.994665728678578,-0.007852542372881414,1.185020338983051,2.3778932203389833
2017-06-01,0.7203389830508474,0.847457627118644,0.010475612973083427,0.02292187141140841,0.6078795150760903,0.850640438048949,0.9765901561922647,0.9909176887006683,0.9999997984212625,0.9455161016949154,0.940456779661017,0.9353974576271186
2017-07-01,0.5677966101694916,0.559322033898305,0.00014020084554026096,0.018141418722270253,0.02930019120421213,0.6528162792299188,0.9819556336715511,0.988604690537516,0.999129391291364,2.0588720338983055,3.1370703389830514,4.215268644067797
2017-08-01,0.6949152542372882,0.6779661016949152,0.0015049288005158415,0.010108063409079203,0.37336078203231504,0.719131603956243,0.9727308094386485,0.9937832999533562,0.9999924572979345,0.29237711864406757,-0.26803728813559347,-0.8284516949152545
2017-09-01,0.3050847457627119,0.23728813559322035,0.005773967711542155,0.008803355245101613,0.01698990543636586,0.18757368151982376,0.488952605205389,0.9772865732467793,0.9999974533501219,-1.0256661016949151,0.18685508474576273,1.3993762711864408
2017-10-01,0.6016949152542372,0.6101694915254238,0.009516800429929946,0.017669950700511673,0.33538345954180804,0.6356299126647509,0.9747018457077254,0.9872293372458416,0.992309527981403,0.5280330508474577,0.7961406779661018,1.0642483050847458
2017-11-01,0.5423728813559322,0.4745762711864407,5.032128509593883e-06,0.018126792750573585,0.29022829152913165,0.48516265367518113,0.863288119911578,0.9908660089246217,0.9971182865262063,0.1531050847457628,1.1164466101694916,2.0797881355932204
2017-12-01,0.6779661016949152,0.7372881355932204,0.0036647408673975957,0.01592347687184736,0.4912718532893371,0.8077287654591676,0.9861338973460163,0.993119882724682,0.9958286916662517,2.003284745762712,3.610100847457627,5.216916949152543
2018-01-01,0.7288135593220338,0.7627118644067796,0.014333982954929507,0.07268072360601373,0.508200153513235,0.9432346296497702,0.9900605216247741,0.9969399553610456,0.9999999977606577,-0.7334313559322032,-0.9345169491525424,-1.1356025423728815
2018-02-01,0.3305084745762712,0.2627118644067797,0.009016264025756053,0.01214559465577929,0.025740982228527803,0.3813278153383569,0.515217144174829,0.9810557918197861,0.9996232445726224,1.0140813559322037,1.361701694915254,1.7093220338983046
2018-03-01,0.559322033898305,0.6694915254237288,1.4322089487791181e-06,0.016636415730038517,0.3085534131056531,0.6728470213118605,0.9542780219438336,0.9913664728894538,0.9991784358609771,0.1218864406779661,-0.29174067796610165,-0.7053677966101694
2018-04-01,0.4576271186440678,0.4661016949152542,0.005303681897761411,0.01809364260294684,0.03605263011125366,0.37193519698895744,0.7870111606483522,0.9868754854888546,0.9969173220018124,-0.8881906779661017,-0.35544322033898307,0.1773042372881355
2018-05-01,0.5169491525423728,0.5677966101694916,3.307853979656671e-10,0.017809558809652657,0.09649060025293958,0.5509299191415709,0.9490763878109967,0.9909424316941084,0.9961437115619227,-0.21674067796610166,-0.0723237288135593,0.07209322033898301
2018-06-01,0.4830508474576271,0.5254237288135594,0.00020504817670951661,0.012763648414700225,0.06231714495367983,0.5094151418323958,0.7941376752428736,0.9878972173363916,0.994253982799464,0.9286288135593221,1.5530262711864407,2.177423728813559
2018-07-01,0.6440677966101694,0.652542372881356,4.021827685356374e-06,0.02150743042921856,0.40779655149251515,0.6510369440179109,0.9855088410724218,0.9946793040218723,0.9999999421551071,0.4566855932203388,0.35298983050847454,0.24929406779661015
2018-08-01,0.4661016949152542,0.3983050847457627,8.498813377399395e-06,0.018080807651802,0.1957116356508389,0.38639658277991995,0.7806886384726368,0.9860321892610717,0.9968139325193549,0.21760508474576276,0.35963728813559326,0.5016694915254237
2018-09-01,0.4576271186440678,0.4406779661016949,6.145508316451206e-05,0.008515197142924496,0.091038923600639,0.4438379637385418,0.827639031006438,0.9840283456627105,0.9999850224335448,1.7924762711864406,-4.428527118644068,-10.649530508474575
2018-10-01,0.05084745762711865,0.01694915254237288,1.587859209942026e-10,8.313939250598294e-06,0.0007737206606918183,0.004892314467701904,0.0081208342499438,0.39395687833012094,0.9624772964453038,-4.53716779661017,0.005297457627118644,4.547762711864407
2018-11-01,0.7203389830508474,0.7457627118644068,2.1846184464926308e-10,0.022865015894089,0.4758204576518941,0.9205401508911664,0.9932673159950138,0.9977273010052158,0.9999884470184542,-0.7660822033898307,-1.1738822033898306,-1.5816822033898308
2018-12-01,0.3474576271186441,0.3559322033898305,3.945467273864755e-09,0.009631185482934727,0.026219491694662603,0.22697773946810484,0.6145520392272004,0.983072367292087,0.9886774448192029,-1.3830025423728811,0.895399152542373,3.1738008474576267
2019-01-01,0.7542372881355932,0.8050847457627118,8.590235919220345e-13,0.039093095552915236,0.5628530162558634,0.806829310314638,0.9891045869735825,0.99225487591028,0.9943491256988315,2.070383898305085,2.724766949152542,3.37915
2019-02-01,0.7966101694915254,0.847457627118644,0.007916277121262041,0.16366923529009156,0.6554004216942355,0.8837771278709501,0.9890360916715745,0.9913835073461283,0.9974065629322089,2.1772186440677963,2.1885,2.1997813559322035
2019-03-01,0.6101694915254238,0.6864406779661016,0.015399138489468207,0.020315559455154914,0.33038061325182727,0.6794711282928476,0.9837807666899507,0.9891902059989642,0.9944436685528928,1.578727118644068,1.859915254237288,2.1411033898305085
2019-04-01,0.559322033898305,0.576271186440678,0.016594369867309992,0.0212794807668184,0.1960820258289621,0.5396786246028394,0.9880395497211014,0.9941863104070059,0.9999999076240392,-0.8639457627118646,-0.9199669491525423,-0.9759881355932204
2019-05-01,0.4745762711864407,0.4661016949152542,0.0021667965710210554,0.017347079748405905,0.08725395554542437,0.4424612202171705,0.8006101754533486,0.9895966281203994,0.999999999998767,-1.1152330508474575,0.4395406779661017,1.9943144067796608
2019-06-01,0.6864406779661016,0.7796610169491526,0.002532990962332293,0.029429605694530837,0.5695518254137251,0.7748794750142608,0.9864837831668265,0.9943936668194988,0.9997346515436104,1.4891601694915255,2.012970338983051,2.5367805084745765
2019-07-01,0.6101694915254238,0.635593220338983,0.0007671447729169806,0.015479933698308912,0.3971022425719989,0.6263651795324667,0.9438738496015503,0.9883316857264786,0.997465324871996,-0.6114457627118643,-0.7859661016949151,-0.9604864406779658
2019-08-01,0.3220338983050847,0.3135593220338983,0.003587291413898838,0.010969722923343877,0.01589176257442229,0.3443003532585929,0.5469394513490007,0.9814392582622153,0.9999997708353098,0.3921355932203389,0.7463211864406781,1.1005067796610173
2019-09-01,0.5847457627118644,0.6101694915254238,0.011891338483124276,0.01672288175365584,0.24965062027385754,0.6037338679129087,0.9639523628190826,0.991541530988873,0.9984861337666918,1.4876237288135592,1.8845,2.281376271186441
2019-10-01,0.7203389830508474,0.8050847457627118,0.009049576672198944,0.018502785734735343,0.5898598004018176,0.8678553904768521,0.9835374222172473,0.9928191212427329,0.9997571805638458,1.607680508474576,1.3356491525423728,1.0636177966101696
2019-11-01,0.5254237288135594,0.559322033898305,0.005499508530793143,0.019541983855028238,0.21468697583175836,0.5663620357467722,0.8360950921465075,0.9900706055151673,0.9999831604750525,0.6463813559322036,1.6128728813559323,2.579364406779661
2019-12-01,0.7372881355932204,0.7966101694915254,0.011799345369278841,0.02491478647694521,0.5270052024673353,0.9525963543286105,0.9911817879772111,0.998937579798802,1.0,-2.354657627118644,-3.2326228813559323,-4.11058813559322
2020-01-01,0.16101694915254236,0.059322033898305086,0.0019557673525894734,0.005232926424587502,0.0067640569788857,0.011136692364556843,0.23468825614966568,0.5040242960419532,0.9745288733914846,0.5024983050847458,-0.3384872881355932,-1.179472881355932
2020-02-01,0.3305084745762712,0.3644067796610169,0.00021051279723811802,0.006642871724345878,0.011871862495659748,0.34998590320690737,0.6155316132526467,0.9866481168782573,0.9940689262441847,2.8429881355932194,-5.585055084745763,-14.013098305084744
2020-03-01,0.03389830508474576,0.025423728813559324,0.0008018076648378474,0.0018379955338368933,0.002472258645315319,0.003141262471877686,0.004004282909025351,0.21875377043186678,0.9813053086613962,-13.513678813559322,0.39001864406779657,14.293716101694914
2020-04-01,0.9661016949152542,1.0,0.6570491402351409,0.852407061147284,0.9968955089634667,0.9984014867278436,0.9987204372320213,0.9994761328723326,0.999977383395066,2.558823728813559,2.558823728813559,2.558823728813559
2020-05-01,0.5254237288135594,0.5847457627118644,0.00020052433951515099,0.0143312621399613,0.18371526764483517,0.5979029312547566,0.833289001563624,0.9855825727838603,0.9953674284810301,0.49915932203389834,3.28293220338983,6.066705084745764
2020-06-01,0.8559322033898306,0.8813559322033898,0.018813510906592612,0.276532579312788,0.7812521588677084,0.9814580421633229,0.9970033001609817,0.9992196125601285,0.9999272041149075,2.5661432203389833,2.6662288135593215,2.76631440677966
2020-07-01,0.5084745762711864,0.5508474576271186,0.004222050560120516,0.016725970430599105,0.22737085662867385,0.5295074802787842,0.8235977004535191,0.9874602989176352,0.9996352010496191,-1.7733652542372884,0.7797677966101697,3.3329008474576276
2020-08-01,0.5932203389830508,0.5932203389830508,9.222248803553786e-08,0.011665571231334389,0.3249138188625047,0.6362324412819098,0.9332320463428558,0.9914914928585803,0.9989937129739712,-1.4092042372881362,-1.48660593220339,-1.564007627118644
2020-09-01,0.2542372881355932,0.2288135593220339,0.0013355108276165628,0.006917717673541324,0.008758225025432692,0.08097506191753842,0.4444463900032193,0.9484194336464716,0.9999974569569041,0.1575305084745763,0.6673491525423728,1.1771677966101695
2020-10-01,0.4830508474576271,0.5254237288135594,4.366643620168207e-05,0.012276384734043806,0.10133107559438864,0.5216452397947413,0.8936975902758363,0.991329664035836,0.99988604062602,1.267384745762712,5.399229661016948,9.531074576271186
2020-11-01,0.9067796610169492,0.9067796610169492,4.909516857545822e-05,0.23046007636030919,0.8973255217357832,0.9898732545162999,0.995364579544111,0.9980754023570148,0.9999999956901833,6.0522372881355935,6.408161016949152,6.7640847457627125
2020-12-01,0.7627118644067796,0.8220338983050848,0.013144743661136158,0.029605920984399167,0.6884790058291683,0.9339176906914405,0.9870697203527835,0.9941430836978337,0.9999999990031825,-2.2528813559322027,-3.3763788135593225,-4.499876271186441
2021-01-01,0.211864406779661,0.19491525423728814,3.954840302008392e-05,0.001475460179931413,0.004887480377208185,0.008214060993682954,0.271345655147842,0.9727037399177829,0.9999999999889373,-5.741658474576272,1.2531889830508474,8.248036440677966
2021-02-01,0.923728813559322,0.9576271186440678,0.037509211976046376,0.685346881943174,0.9735782366674113,0.9975639346591618,0.9984193824611622,0.9989213298150527,0.9993927790581385,5.649511864406779,5.952867796610168,6.256223728813559
2021-03-01,0.8220338983050848,0.847457627118644,0.0014556448328841324,0.029293420662901973,0.7510412461408916,0.9901080335278766,0.9934383328923035,0.9961327804135476,0.9985990558339297,11.53252627118644,12.354679661016952,13.176833050847458
2021-04-01,0.8050847457627118,0.8050847457627118,3.100356568887548e-05,0.012877696269650653,0.6488155590679777,0.9910502988133238,0.9951625128177077,0.999116977896408,0.999999999646179,-1.3264237288135594,-2.6922957627118644,-4.05816779661017
2021-05-01,0.1694915254237288,0.1271186440677966,0.0004537332913182544,0.003237355819158182,0.01045146330249553,0.012374532573443245,0.25599746527214473,0.6866708496526431,0.9996703636608582,-1.547477966101695,2.4650983050847457,6.4776745762711885
2021-06-01,0.711864406779661,0.788135593220339,0.006831702362044941,0.012958825879921608,0.5990892853053612,0.8873466526905442,0.9812721667307673,0.9939321407567324,0.9995664415266847,-1.8838838983050847,-2.096951694915254,-2.310019491525424
2021-07-01,0.4661016949152542,0.5254237288135594,4.52154581036916e-15,0.012355158152258097,0.03355003991640102,0.537126473209403,0.840983030585172,0.9879226539363473,0.9947925489914656,0.7441949152542372,0.8276389830508474,0.9110830508474576
2021-08-01,0.4661016949152542,0.4576271186440678,0.0012894875210502,0.0063129689904068585,0.019799529551766924,0.4266397165929192,0.8925093463438655,0.9812688506060927,0.9993943343782974,0.33712118644067807,-0.12956779661016954,-0.5962567796610169
2021-09-01,0.3898305084745763,0.3389830508474576,0.003891633623013081,0.019436090986930478,0.17528499819324989,0.3287819643495026,0.6645646558301788,0.9857352086439292,0.9902111958490485,-0.7175279661016947,-0.1724559322033898,0.372616101694915
2021-10-01,0.4915254237288136,0.4915254237288136,2.5658660640834894e-07,0.006486661191938023,0.08715042844162602,0.4894649384303725,0.8187566658375763,0.9800201815386047,0.9952346527531595,-1.3956991525423728,0.5956525423728812,2.5870042372881357
2021-11-01,0.5338983050847458,0.5423728813559322,0.006179472614827845,0.01068162459157688,0.28610132564919705,0.5272819156564625,0.9229547755064034,0.994320165433678,0.9999895693127684,2.0206313559322036,3.64495,5.269268644067798
2021-12-01,0.7966101694915254,0.847457627118644,0.019541019073173016,0.31416819268341906,0.5871395539854671,0.9888708292639968,0.9916854570941389,0.9992585278282184,0.9999999674143345,-3.8623432203389827,-4.206816949152542,-4.551290677966102
2022-01-01,0.211864406779661,0.1864406779661017,0.00012326445299044655,0.004214458419649953,0.006856611080629761,0.012541533873269964,0.35247418537362174,0.9291168773962443,0.9748480784437724,-2.1669889830508473,0.15769745762711868,2.482383898305084
2022-02-01,0.652542372881356,0.7033898305084746,4.23690112991579e-05,0.025569053307897896,0.43728151209314503,0.7545919113209572,0.9801416953973097,0.993924699431655,0.9955860026946525,0.9353652542372881,1.1744110169491528,1.4134567796610173
2022-03-01,0.6016949152542372,0.6271186440677966,0.0049466573088595735,0.019024347600810815,0.33229776663870125,0.5949770138225929,0.8883447938799791,0.9892631115296194,0.991998528552548,-0.6667525423728815,-2.2596296610169486,-3.852506779661017
2022-04-01,0.23728813559322035,0.19491525423728814,1.5422826332538842e-05,0.002031450535192539,0.00905195097492843,0.020345369091218354,0.3412533220752208,0.98118164505074,0.9999817340861777,0.0976983050847458,-0.2555703389830508,-0.6088389830508474
2022-05-01,0.3898305084745763,0.3050847457627119,4.89068380912908e-06,0.009037957712382,0.012751221978016316,0.29311068860640405,0.6806309730146738,0.9760971274181401,0.9833830646799085,2.4689677966101695,-1.9020635593220336,-6.273094915254237
2022-06-01,0.1864406779661017,0.1440677966101695,1.2786930559967007e-05,0.0007779604758258974,0.004602003819576446,0.00913502108664303,0.3028258194741582,0.9651617440368635,0.9978102745559229,-1.6022940677966098,0.5996610169491524,2.801616101694916
2022-07-01,0.6101694915254238,0.6186440677966102,0.01570416113460143,0.021072755346566448,0.370693541702924,0.617045696525228,0.9871812255346203,0.9932643653658633,0.9999931076874734,-0.3980974576271188,1.143578813559322,2.6852550847457626
2022-08-01,0.6779661016949152,0.8135593220338984,0.0008091365680910443,0.027881588567127844,0.582668200104294,0.8247433616424178,0.98249711004718,0.9953810390108792,0.9999442427738586,-5.163783898305085,-6.750921186440678,-8.338058474576272
2022-09-01,0.1016949152542373,0.0847457627118644,0.0021094453222432297,0.00300898560996787,0.00469554945084307,0.007024315779073193,0.1594509992010157,0.6102526908016876,0.9771382343074743,1.5468822033898304,-0.3727228813559321,-2.292327966101696
2022-10-01,0.3220338983050847,0.2711864406779661,0.0023661672385319045,0.007012444868308145,0.008463029512155024,0.24479061890010317,0.5075900141888008,0.9709866535396731,0.9777075127529753,-5.231206779661016,2.2209593220338983,9.673125423728814
2022-11-01,0.940677966101695,0.9745762711864406,0.03328358909709136,0.6072012704969579,0.9939555627594483,0.996561568145518,0.9969054316829584,0.998453944135896,0.9995526158547052,-1.7065228813559326,-1.7821855932203392,-1.857848305084746
2022-12-01,0.3135593220338983,0.3050847457627119,0.00023973920148441855,0.00962115226578696,0.017552746307455958,0.20349271171315292,0.5826971330135476,0.9764246081010525,0.9919201009764628,-2.3825101694915256,0.9501813559322033,4.282872881355932
2023-01-01,0.864406779661017,0.9322033898305084,0.029428921211521786,0.03754881271687901,0.8446166928636779,0.9935018498758963,0.9941054759958434,0.9952381982327452,0.9985584288115565,3.4194449152542363,3.7720067796610164,4.124568644067796
2023-02-01,0.7372881355932204,0.8135593220338984,0.024086393012270432,0.03140059430798472,0.6384413622189554,0.9117033708256699,0.9902470914655023,0.9920211631783775,0.9955649825269792,1.1981533898305086,1.1401406779661019,1.0821279661016947
2023-03-01,0.4915254237288136,0.4661016949152542,0.00491001690885861,0.01054880389415193,0.12134885353104413,0.47291850386001083,0.7607481427091489,0.9789826448038688,0.9999999957014347,-1.4986652542372885,-0.11575932203389828,1.2671466101694915
2023-04-01,0.5932203389830508,0.6271186440677966,1.177066937673669e-06,0.01002916341903025,0.300481246659597,0.6972221136778862,0.9885123679516139,0.9938002960791656,0.99916182796072,0.0647559322033898,2.8199542372881354,5.575152542372882
2023-05-01,0.7457627118644068,0.7627118644067796,4.853474136005525e-05,0.0243593721019482,0.50566137025931,0.849052140880426,0.9855792621855505,0.9907504798953961,0.9999999999616089,2.670138983050847,3.5662966101694913,4.462454237288136
2023-06-01,0.7542372881355932,0.8728813559322034,0.011670460678901763,0.03235805360175183,0.6305486959801466,0.8220014920789613,0.9897272837798097,0.9964632063005562,0.9982878289077082,3.2262550847457634,2.991842372881356,2.7574296610169493
2023-07-01,0.4830508474576271,0.5084745762711864,0.0028377165822607406,0.0058628470755486516,0.014344548596118277,0.5344354367359123,0.9775909727900511,0.9964686045599183,0.9999785862842515,0.7208720338983051,-0.564050847457627,-1.8489737288135595
2023-08-01,0.2966101694915254,0.3050847457627119,2.1457505221475958e-08,0.0039685686751693705,0.013218437843112132,0.14909101552439386,0.5762802790959967,0.9806309692133768,0.9912297018084477,-0.007534745762711857,-0.43379406779661017,-0.8600533898305084
2023-09-01,0.3813559322033898,0.3813559322033898,0.0014943829320409636,0.011258829089306449,0.02828443736693688,0.3904794121429851,0.5927032556804768,0.9788443567996669,0.9834341310506893,1.0704991525423728,-1.3920593220338984,-3.854617796610169
2023-10-01,0.2288135593220339,0.13559322033898305,2.0269467877969683e-05,0.0036774814141362464,0.014142040335086299,0.0478423297379436,0.30393362691293857,0.9402952293413036,0.9901823019312345,-5.012261016949152,0.9003271186440679,6.812915254237288
2023-11-01,0.9491525423728814,0.9322033898305084,1.0543485420916402e-05,0.35609570231328497,0.994346236989557,0.9962630507754158,0.9972737457882692,0.9997475486315819,0.9999999884442462,2.421083898305085,2.68440593220339,2.9477279661016946
2023-12-01,0.6610169491525424,0.7372881355932204,0.013018772181299773,0.015392083999452591,0.48081799390084434,0.7304816796306357,0.9793932782257295,0.9885438737735622,0.9997113996709579,-0.7264245762711863,-1.6981805084745765,-2.669936440677966
2024-01-01,0.211864406779661,0.1271186440677966,0.0024778576373335978,0.006650022729982045,0.008532320434070303,0.08612742245251523,0.3024995424231378,0.964336067505839,0.9999986211979286,-1.4874762711864407,0.8411203389830507,3.1697169491525417
2024-02-01,0.7033898305084746,0.7796610169491526,0.0159322010667022,0.025272311664301828,0.5280348016019579,0.8022924922444564,0.9861550797866223,0.9943200750297733,0.9999977378638556,2.3955220338983048,2.9150533898305078,3.434584745762711
2024-03-01,0.6271186440677966,0.6101694915254238,0.004148949245958728,0.013682503148677874,0.32026106890706696,0.6348634593131721,0.9199142413594572,0.9887499218271731,0.9999999997334206,0.9348050847457626,2.0429389830508473,3.1510728813559328
2024-04-01,0.6271186440677966,0.7457627118644068,0.015729574496759505,0.025782487135088617,0.49874007820865357,0.6778359985306536,0.9751256341789742,0.9861186208238324,0.9968564064094315,3.528889830508475,3.642741525423729,3.756593220338983
2024-05-01,0.6779661016949152,0.7711864406779662,0.012952079671379298,0.017322684647479877,0.5283987931235808,0.7649916628737301,0.9458713255492177,0.9936351359227763,0.9988518095401016,1.0162118644067795,1.6067593220338985,2.1973067796610173
2024-06-01,0.6016949152542372,0.6440677966101694,0.013116215116596113,0.017387996160464957,0.3310170463377859,0.6475237281398898,0.9226956731302141,0.9879224625354477,0.9999995303796747,-0.5003516949152543,-0.7629618644067796,-1.025572033898305
2024-07-01,0.3983050847457627,0.3305084745762712,6.909968451470799e-05,0.0017253995917816387,0.012697680341362733,0.28637113817782844,0.7802364956016516,0.9847417719654015,0.9911829280559786,-0.5797898305084748,-0.1200305084745763,0.33972881355932216
2024-08-01,0.4745762711864407,0.3559322033898305,0.003099857080683741,0.019344175413817558,0.1927828269906852,0.42358306111261457,0.6188046101116982,0.9844384109989269,0.9925411044635624,-0.5733550847457627,-0.26893389830508474,0.035487288135593306
2024-09-01,0.5,0.5338983050847458,1.3731293277692313e-06,0.01831861689670657,0.26619515786349246,0.5534106152323817,0.9802856164625741,0.9905913708229823,0.9998380666716724,-0.7745135593220338,-1.5183305084745764,-2.2621474576271186
2024-10-01,0.2711864406779661,0.22033898305084745,0.0012319463662431094,0.005101977544962559,0.007845906451677886,0.13982379167431142,0.4674251015589928,0.8687092290893739,0.9999999999970999,0.15776271186440674,-0.571477966101695,-1.3007186440677967
2024-11-01,0.3983050847457627,0.3644067796610169,1.6790442223072237e-09,0.015030072836405516,0.14861811960902763,0.3334956374023816,0.6453844276343315,0.9843809771115193,0.9985694393610784,1.4372838983050849,-0.1333830508474576,-1.70405
2024-12-01,0.3644067796610169,0.3305084745762712,0.0034718187800392977,0.00679726156921839,0.011608732921960737,0.3255726578955831,0.5555567727984347,0.9690554729584118,0.9999747008373039,0.14014322033898313,-0.10863983050847457,-0.3574228813559322
2025-01-01,0.4745762711864407,0.5084745762711864,0.016815779740025363,0.01933096245375359,0.1739099027739773,0.5084497306767484,0.7621202321951743,0.9864607029962035,0.9999998621773355,-0.6140508474576273,1.8094389830508475,4.2329288135593215
2025-02-01,0.7288135593220338,0.7627118644067796,5.277373951764415e-05,0.0229956306975626,0.521593328974859,0.793491595595138,0.9906009700561329,0.9925519674428823,0.9974725597234438,-0.16623305084745763,-0.13587203389830507,-0.10551101694915252
