date,D1,D2,D3,D4,RLS,max_depth,learning_rate,n_estimators
2015-03-01,6.67474,1.000137931034483,-1.369410344827586,-5.8664266666666665,12.541166666666665,7,0.1,200
2015-04-01,16.07275333333333,3.593979310344827,-0.045717241379310346,-5.480533333333333,21.553286666666665,5,0.1,200
2015-05-01,7.524636666666667,-1.7938724137931035,-4.981458620689655,-11.26798,18.792616666666667,7,0.1,200
2015-06-01,2.3992,-2.7391689655172415,-5.555151724137931,-12.801103333333334,15.200303333333334,7,0.1,200
2015-07-01,3.4640666666666666,-3.263393103448276,-6.949131034482758,-15.422323333333333,18.88639,7,0.1,200
2015-08-01,5.620360000000001,-4.631165517241379,-7.701103448275862,-15.685903333333332,21.306263333333334,7,0.1,200
2015-09-01,10.872643333333334,3.404548275862069,-0.4095931034482759,-5.385843333333333,16.258486666666666,7,0.1,200
2015-10-01,14.158356666666666,6.44801724137931,3.22481724137931,-2.83849,16.996846666666666,5,0.1,200
2015-11-01,4.32628,-2.5532275862068965,-6.099324137931035,-12.230973333333333,16.557253333333332,7,0.1,200
2015-12-01,9.847109999999999,1.5248896551724138,-1.2284137931034484,-6.299966666666666,16.147076666666663,7,0.1,200
2016-01-01,4.577286666666667,-1.052437931034483,-4.531096551724138,-9.41397,13.991256666666668,5,0.1,200
2016-02-01,9.967793333333333,3.8232275862068965,1.219689655172414,-2.1479666666666666,12.11576,7,0.1,200
2016-03-01,9.726833333333333,4.613031034482758,1.073310344827586,-4.187406666666666,13.91424,7,0.1,200
2016-04-01,4.541103333333334,-1.2529,-4.267662068965517,-9.52831,14.069413333333333,5,0.1,200
2016-05-01,8.2088,1.970158620689655,-1.3408724137931034,-6.465450000000001,14.67425,7,0.1,200
2016-06-01,10.25338,2.370448275862069,-0.5431827586206897,-3.63165,13.88503,7,0.1,200
2016-07-01,11.44081,6.161058620689656,3.145496551724138,-0.6974333333333333,12.138243333333333,5,0.1,200
2016-08-01,10.256483333333334,1.1470068965517242,-1.1275655172413792,-4.1655,14.421983333333333,7,0.1,200
2016-09-01,7.680883333333333,0.5405862068965517,-1.303951724137931,-5.290366666666667,12.971250000000001,7,0.1,200
2016-10-01,6.3432466666666665,0.9399034482758621,-1.040048275862069,-5.505439999999999,11.848686666666666,7,0.1,200
2016-11-01,10.683693333333334,1.5011689655172415,-2.244448275862069,-7.252823333333334,17.93651666666667,5,0.1,200
2016-12-01,4.87896,1.5374931034482757,-0.6455,-5.671453333333333,10.550413333333333,5,0.1,200
2017-01-01,12.78134,2.545486206896552,0.1729896551724138,-3.01119,15.79253,7,0.1,200
2017-02-01,12.202646666666668,4.4392172413793105,2.160468965517241,-2.05563,14.258276666666667,7,0.1,200
2017-03-01,4.25665,0.7122862068965516,-2.0297172413793105,-6.209496666666666,10.466146666666667,7,0.1,200
2017-04-01,4.244066666666667,-0.36965862068965516,-2.7273655172413793,-6.5158,10.759866666666667,7,0.1,200
2017-05-01,10.00653,1.697455172413793,-0.9525482758620689,-4.88388,14.89041,7,0.1,200
2017-06-01,9.127416666666667,2.635403448275862,0.6373586206896552,-2.93804,12.065456666666666,7,0.1,200
2017-07-01,6.14588,1.239910344827586,-0.5496241379310345,-3.1339266666666665,9.279806666666666,7,0.1,200
2017-08-01,15.449886666666666,2.319010344827586,0.6183344827586207,-1.7092633333333334,17.15915,7,0.1,200
2017-09-01,7.638166666666666,-0.6698862068965518,-2.2879793103448276,-8.037473333333333,15.675639999999998,7,0.1,200
2017-10-01,7.25377,2.0802275862068966,-0.07557241379310345,-3.68739,10.94116,5,0.1,200
2017-11-01,10.286376666666666,2.242286206896552,-1.086,-7.218076666666667,17.50445333333333,5,0.1,200
2017-12-01,9.53768,2.754389655172414,0.5522862068965517,-4.553633333333334,14.091313333333334,7,0.1,200
2018-01-01,19.153723333333332,4.12656551724138,1.2577344827586208,-3.8386733333333334,22.992396666666664,7,0.1,200
2018-02-01,5.925733333333333,-0.6677241379310345,-2.8884310344827586,-6.95482,12.880553333333332,7,0.1,200
2018-03-01,11.489333333333333,1.4115862068965517,-0.8227068965517241,-5.33525,16.824583333333333,7,0.1,200
2018-04-01,6.65933,0.7307137931034483,-1.7881620689655173,-8.411576666666667,15.070906666666666,7,0.1,200
2018-05-01,7.706866666666667,1.5121172413793103,-0.8634999999999999,-7.636466666666666,15.343333333333334,7,0.1,200
2018-06-01,6.739746666666666,0.8870103448275862,-1.3389206896551724,-6.019333333333333,12.759079999999999,5,0.1,200
2018-07-01,8.771216666666668,2.8607482758620693,-0.36723448275862064,-2.61708,11.388296666666667,7,0.1,200
2018-08-01,8.14558,0.1690103448275862,-1.1086068965517242,-6.256746666666667,14.402326666666667,7,0.1,200
2018-09-01,8.585583333333334,0.8175,-0.9016551724137931,-6.531000000000001,15.116583333333335,7,0.1,200
2018-10-01,-2.0867,-8.386827586206897,-12.326324137931033,-19.778740000000003,17.692040000000002,7,0.1,200
2018-11-01,15.92352,4.716865517241379,1.2495068965517242,-3.8031466666666662,19.726666666666667,5,0.1,200
2018-12-01,5.310273333333333,-0.22611379310344826,-2.618858620689655,-8.781416666666667,14.09169,7,0.1,200
2019-01-01,10.42265,3.7045172413793104,1.1775758620689656,-2.65839,13.081040000000002,5,0.1,200
2019-02-01,9.526896666666666,3.552210344827586,1.619306896551724,-1.2347066666666668,10.761603333333333,7,0.1,200
2019-03-01,9.631079999999999,2.351420689655172,0.006024137931034474,-3.2574699999999996,12.888549999999999,7,0.1,200
2019-04-01,10.586526666666666,2.335703448275862,-0.4281620689655173,-4.0088099999999995,14.595336666666665,7,0.1,200
2019-05-01,9.67167,1.0560206896551725,-2.858820689655172,-11.767850000000001,21.43952,7,0.1,200
2019-06-01,8.172986666666667,2.514606896551724,0.5367,-3.27828,11.451266666666667,7,0.1,200
2019-07-01,11.705286666666666,1.6211241379310344,0.02723103448275861,-3.3206933333333333,15.025979999999999,7,0.1,200
2019-08-01,7.91911,-1.2539,-3.115341379310345,-7.473423333333333,15.392533333333333,7,0.1,200
2019-09-01,6.673446666666666,1.4672413793103447,-0.4980310344827586,-3.2816899999999998,9.955136666666666,7,0.1,200
2019-10-01,8.329556666666667,2.980144827586207,0.8516241379310344,-3.0601866666666666,11.389743333333334,7,0.1,200
2019-11-01,8.638446666666665,1.127151724137931,-0.8548724137931034,-4.718086666666666,13.356533333333331,7,0.1,200
2019-12-01,8.428143333333333,2.744072413793104,1.3847103448275861,-2.2738,10.701943333333332,5,0.1,200
2020-01-01,2.8726100000000003,-3.1964172413793106,-5.507044827586206,-10.627576666666666,13.500186666666666,7,0.1,200
2020-02-01,5.96211,-0.425,-3.0371827586206894,-7.254593333333333,13.216703333333333,7,0.1,200
2020-03-01,-4.047076666666666,-10.6284,-17.091258620689654,-24.27544,20.228363333333334,7,0.1,200
2020-04-01,27.283106666666665,15.329803448275863,10.545937931034484,3.9256266666666666,23.35748,7,0.1,200
2020-05-01,14.065923333333332,2.340910344827586,-1.541151724137931,-4.7743166666666665,18.840239999999998,7,0.1,200
2020-06-01,15.361486666666668,6.8018931034482755,2.6614172413793105,-0.64698,16.008466666666667,7,0.1,200
2020-07-01,17.57509,2.4640310344827587,-2.0910793103448277,-7.054773333333333,24.629863333333333,7,0.1,200
2020-08-01,16.846,2.628658620689655,-0.3685724137931034,-5.92134,22.76734,7,0.1,200
2020-09-01,6.282536666666667,-1.7152172413793105,-3.6026103448275864,-7.293733333333334,13.576270000000001,7,0.1,200
2020-10-01,9.85286,0.8362034482758621,-1.5028896551724136,-4.578203333333334,14.431063333333334,7,0.1,200
2020-11-01,24.013339999999996,8.874689655172414,5.358186206896552,-0.28289333333333333,24.29623333333333,5,0.1,200
2020-12-01,23.26179,5.031875862068965,1.4907620689655174,-2.9616066666666665,26.223396666666666,7,0.1,200
2021-01-01,9.048869999999999,-3.727258620689655,-7.640534482758621,-15.759516666666665,24.808386666666664,5,0.1,200
2021-02-01,20.43074,6.856158620689655,4.222213793103448,1.3024433333333332,19.128296666666667,5,0.1,200
2021-03-01,15.47392,7.634631034482759,3.9991620689655174,-2.1121066666666666,17.586026666666665,5,0.1,200
2021-04-01,43.03763333333333,9.355793103448276,2.5922137931034483,-2.7584966666666664,45.79613,7,0.1,200
2021-05-01,10.942306666666667,-4.054720689655173,-8.82476551724138,-14.454263333333333,25.39657,7,0.1,200
2021-06-01,24.69384,4.129258620689655,0.7452827586206896,-3.927043333333333,28.620883333333335,7,0.1,200
2021-07-01,5.955343333333333,-0.3754275862068965,-3.285172413793103,-11.502839999999999,17.45818333333333,5,0.1,200
2021-08-01,10.803646666666667,1.9438275862068966,-1.5236724137931035,-7.626203333333334,18.429850000000002,7,0.1,200
2021-09-01,6.58606,0.22297586206896552,-1.9610655172413793,-7.2511833333333335,13.837243333333333,7,0.1,200
2021-10-01,10.18473,0.9219586206896552,-0.986951724137931,-8.65628,18.84101,7,0.1,200
2021-11-01,12.969346666666667,2.472803448275862,-0.9083413793103448,-4.30611,17.275456666666667,7,0.1,200
2021-12-01,15.017623333333335,5.198793103448276,2.170686206896552,-1.4156633333333335,16.433286666666667,5,0.1,200
2022-01-01,2.5550433333333333,-1.5576586206896552,-5.428168965517242,-13.70382,16.258863333333334,7,0.1,200
2022-02-01,11.081973333333334,2.572279310344828,0.4427931034482758,-4.2325,15.314473333333334,5,0.1,200
2022-03-01,9.540756666666665,3.103106896551724,-0.6089448275862068,-6.3921833333333336,15.932939999999999,7,0.1,200
2022-04-01,3.4099866666666667,-2.3582896551724137,-5.3645689655172415,-11.09775,14.507736666666666,5,0.1,200
2022-05-01,8.237193333333334,0.9589689655172414,-2.969793103448276,-8.688163333333334,16.925356666666666,5,0.1,200
2022-06-01,3.769296666666667,-3.5598620689655176,-7.59331724137931,-17.662063333333332,21.431359999999998,7,0.1,200
2022-07-01,12.936403333333335,2.2099448275862072,0.024806896551724116,-4.076973333333333,17.013376666666666,5,0.1,200
2022-08-01,10.834100000000001,2.781179310344828,1.2037586206896551,-4.124203333333333,14.958303333333333,5,0.1,200
2022-09-01,-0.7743266666666667,-5.542262068965518,-10.45483448275862,-16.558176666666665,15.783849999999997,5,0.1,200
2022-10-01,5.168679999999999,-0.9166862068965517,-4.456186206896552,-8.991393333333333,14.160073333333333,5,0.1,200
2022-11-01,20.22918333333333,11.424506896551724,6.008289655172414,0.96674,19.26244333333333,5,0.1,200
2022-12-01,5.29691,-0.39484482758620687,-3.6442758620689655,-8.699963333333333,13.996873333333333,7,0.1,200
2023-01-01,11.116096666666667,4.705620689655172,2.1583965517241377,-0.9053466666666666,12.021443333333334,7,0.1,200
2023-02-01,13.50107,3.992286206896552,1.3054413793103448,-2.3989033333333336,15.899973333333334,7,0.1,200
2023-03-01,9.382136666666666,2.137158620689655,-1.7155827586206895,-5.53329,14.915426666666665,5,0.1,200
2023-04-01,8.8178,2.2744137931034483,-0.5700172413793103,-5.481273333333333,14.299073333333332,5,0.1,200
2023-05-01,19.16670333333333,4.185558620689656,1.5159344827586207,-2.749213333333333,21.915916666666664,7,0.1,200
2023-06-01,14.822583333333334,3.585979310344828,1.1518413793103448,-1.8501566666666667,16.67274,7,0.1,200
2023-07-01,17.46242,1.4278241379310346,-1.9362655172413792,-6.125036666666667,23.587456666666668,7,0.1,200
2023-08-01,6.770776666666666,-0.9800448275862068,-3.943196551724138,-9.284273333333333,16.05505,7,0.1,200
2023-09-01,5.933253333333334,0.07274827586206896,-2.3712275862068966,-7.094266666666667,13.02752,5,0.1,200
2023-10-01,3.03824,-1.8883724137931035,-4.874586206896551,-11.66221,14.70045,5,0.1,200
2023-11-01,14.551906666666667,7.067006896551724,4.366603448275862,1.1930699999999999,13.358836666666667,7,0.1,200
2023-12-01,11.558066666666667,2.5244896551724136,0.2542689655172414,-2.6498033333333333,14.20787,7,0.1,200
2024-01-01,4.055636666666667,-1.936548275862069,-4.279817241379311,-8.548233333333334,12.60387,5,0.1,200
2024-02-01,11.231950000000001,3.0820827586206896,0.9915413793103448,-2.702233333333333,13.934183333333333,7,0.1,200
2024-03-01,17.299103333333335,3.7856275862068967,-0.4844655172413793,-6.980860000000001,24.279963333333335,5,0.1,200
2024-04-01,14.783449999999998,3.108941379310345,0.012137931034482739,-5.406273333333333,20.189723333333333,7,0.1,200
2024-05-01,14.876196666666665,4.213682758620689,0.5748448275862069,-4.729173333333334,19.60537,7,0.1,200
2024-06-01,11.119776666666667,2.963951724137931,-0.5223137931034484,-4.8372866666666665,15.957063333333334,7,0.1,200
2024-07-01,8.499146666666666,-0.003603448275862055,-3.5781172413793105,-9.070733333333333,17.569879999999998,5,0.1,200
2024-08-01,9.197783333333332,1.1290689655172415,-1.9430793103448276,-7.0746400000000005,16.272423333333332,7,0.1,200
2024-09-01,6.30464,1.479548275862069,-1.0887068965517241,-6.54287,12.84751,7,0.1,200
2024-10-01,6.22083,-1.3898034482758619,-4.442234482758621,-9.480973333333333,15.701803333333334,5,0.1,200
2024-11-01,5.494486666666666,0.396,-2.5598379310344828,-8.518936666666667,14.013423333333332,5,0.1,200
2024-12-01,7.19441,-0.17874827586206896,-3.7808931034482756,-10.069353333333334,17.263763333333333,7,0.1,200
2025-01-01,5.527163333333333,0.9105620689655173,-1.4037413793103448,-6.456286666666667,11.983450000000001,5,0.1,200
2025-02-01,14.24846,4.30768275862069,1.5827896551724139,-3.2930633333333335,17.541523333333334,7,0.1,200
2025-03-01,2.876333333333333,0.5947068965517242,-0.6949931034482759,-3.1944,6.070733333333333,7,0.1,200
